{"cameraMode":{"drawMode":0,"name":"Shaded","section":"Shading Mode"},"sceneLighting":true,"audioPlay":false,"sceneViewState":{"showFog":true,"showMaterialUpdate":false,"showSkybox":true,"showFlares":true,"showImageEffects":true,"showParticleSystems":true},"in2DMode":false,"pivot":{"x":-553.7288818359375,"y":0.0546875,"z":-250.62890625},"rotation":{"x":-0.49278661608695986,"y":0.01842200942337513,"z":-0.010628622025251389,"w":-0.8699350357055664},"size":26.97968292236328,"orthographic":true}