{"cameraMode":{"drawMode":0,"name":"Shaded","section":"Shading Mode"},"sceneLighting":true,"audioPlay":false,"sceneViewState":{"showFog":true,"showMaterialUpdate":false,"showSkybox":false,"showFlares":true,"showImageEffects":true,"showParticleSystems":true},"in2DMode":false,"pivot":{"x":-553.91162109375,"y":9.031283378601075,"z":-277.099853515625},"rotation":{"x":-0.175011545419693,"y":0.07256501913070679,"z":-0.012942146509885788,"w":-0.9818217754364014},"size":14.468791961669922,"orthographic":true}