{"cameraMode":{"drawMode":0,"name":"Shaded","section":"Shading Mode"},"sceneLighting":false,"audioPlay":false,"sceneViewState":{"showFog":true,"showMaterialUpdate":false,"showSkybox":false,"showFlares":true,"showImageEffects":true,"showParticleSystems":true},"in2DMode":false,"pivot":{"x":-557.27001953125,"y":13.442501068115235,"z":-265.0711669921875},"rotation":{"x":-0.43019673228263857,"y":0.025967786088585855,"z":-0.012390215881168843,"w":-0.9022964239120483},"size":20.136653900146486,"orthographic":true}