{"cameraMode":{"drawMode":0,"name":"Shaded","section":"Shading Mode"},"sceneLighting":true,"audioPlay":false,"sceneViewState":{"showFog":true,"showMaterialUpdate":false,"showSkybox":true,"showFlares":true,"showImageEffects":true,"showParticleSystems":true},"in2DMode":false,"pivot":{"x":-143.89212036132813,"y":2.6776962280273439,"z":-112.95147705078125},"rotation":{"x":-0.17163938283920289,"y":0.2196119725704193,"z":-0.03928408399224281,"w":-0.9595704078674316},"size":0.2261735200881958,"orthographic":false}