{"cameraMode":{"drawMode":0,"name":"Shaded","section":"Shading Mode"},"sceneLighting":false,"audioPlay":false,"sceneViewState":{"showFog":true,"showMaterialUpdate":false,"showSkybox":false,"showFlares":true,"showImageEffects":true,"showParticleSystems":true},"in2DMode":false,"pivot":{"x":-17.06999969482422,"y":6.893750190734863,"z":-3.9748921394348146},"rotation":{"x":0.2409081906080246,"y":0.008731501176953316,"z":-0.0021637887693941595,"w":0.9705127477645874},"size":16.5297908782959,"orthographic":false}