{"cameraMode":{"drawMode":0,"name":"Shaded","section":"Shading Mode"},"sceneLighting":false,"audioPlay":false,"sceneViewState":{"showFog":true,"showMaterialUpdate":false,"showSkybox":false,"showFlares":true,"showImageEffects":true,"showParticleSystems":true},"in2DMode":false,"pivot":{"x":-274.5240478515625,"y":-1.1320476531982422,"z":-151.36557006835938},"rotation":{"x":0.26759815216064455,"y":-0.06353674829006195,"z":0.017686663195490838,"w":0.9612868428230286},"size":332.5440673828125,"orthographic":false}